timestamp_utc,artifact_path,sha256,change_type,operator
2025-10-08T14:56:12Z,docs\enterprise_documentation\v1.0.0\change_management_logs\section_1_1_change_log_v1.0.0.md,e06b2871efbffe0b7dbd5bab4f195d53bfec72fc129dca6d0abaedee0134ad4e,verification,automation-pilot
2025-10-08T14:56:12Z,docs\enterprise_documentation\v1.0.0\compliance\section_1_1_compliance_alignment_v1.0.0.md,03504934bb14b5dc921f92a64e1ba7885f62b04c3abe2d526723a993b436286c,verification,automation-pilot
2025-10-08T14:56:12Z,docs\enterprise_documentation\v1.0.0\implementation_guides\section_1_1_execution_playbook_v1.0.0.md,869d56e1a62f96f2e82d43c4c15d591924ca97520e32f32821bbc62cc25a8b62,verification,automation-pilot
2025-10-08T14:56:12Z,docs\enterprise_documentation\v1.0.0\metadata_schema_v1.0.0.md,da84770258a093ffe27609323af5acb9e047b8695532fc98965f4666598180aa,verification,automation-pilot
2025-10-08T14:56:12Z,docs\enterprise_documentation\v1.0.0\requirements\section_1_1_repository_footprint_requirements_v1.0.0.md,e7ce7ae9b794399f2436d91a54b33349432f0608b337852a8469f29a68271fce,verification,automation-pilot
2025-10-08T14:56:12Z,docs\enterprise_documentation\v1.0.0\risk_register\section_1_1_risk_register_v1.0.0.md,03f65a35ef5253a51ebc3567a3b7df31f452b8ac01d3a1113f1b585827f1878a,verification,automation-pilot
2025-10-08T14:56:12Z,docs\enterprise_documentation\v1.0.0\technical_specifications\section_1_1_repository_footprint_technical_spec_v1.0.0.md,1fefeb0414abf1dc5d834a6d6e02cc749fc31e293b1590cbca977fd8ab535f58,verification,automation-pilot
2025-10-08T14:56:12Z,docs\enterprise_documentation\v1.0.0\testing_protocols\section_1_1_validation_test_plan_v1.0.0.md,67b0dd46171dab89b12c0b834f88f67fb6b71974c69a329aa0d8b43ee4313edd,verification,automation-pilot
2025-10-08T14:56:12Z,docs\enterprise_documentation\v1.0.0\traceability_matrices\section_1_1_dependency_matrix_v1.0.0.md,17327669b2db55787d209601ef9185194fd043e55d721fb5683a88eab50cad48,verification,automation-pilot
2025-10-08T14:56:12Z,docs\enterprise_documentation\v1.0.0\traceability_matrices\section_1_1_traceability_matrix_v1.0.0.md,39b94c2c1d090a95765d783266b0af0f59f10553d373cfcfe788034802a37d07,verification,automation-pilot
2025-10-08T14:56:12Z,docs\enterprise_documentation\v1.0.0\validation_artifacts\section_1_1_validation_results_v1.0.0.md,d379947078852a38b07833d9155908d2eb4250381241d5f81ce34ace8a6cc0ca,verification,automation-pilot
2025-10-08T14:56:12Z,docs\enterprise_documentation\v1.0.0\version_control_histories\section_1_1_version_history_v1.0.0.md,3387a3ed15b8697805220fc764516d493c4f99d2c709a238b001982a38c2db46,verification,automation-pilot
2025-10-08T14:57:53Z,docs\enterprise_documentation\v1.0.0\change_management_logs\section_1_1_change_log_v1.0.0.md,e06b2871efbffe0b7dbd5bab4f195d53bfec72fc129dca6d0abaedee0134ad4e,verification,automation-pilot
2025-10-08T14:57:53Z,docs\enterprise_documentation\v1.0.0\compliance\section_1_1_compliance_alignment_v1.0.0.md,03504934bb14b5dc921f92a64e1ba7885f62b04c3abe2d526723a993b436286c,verification,automation-pilot
2025-10-08T14:57:53Z,docs\enterprise_documentation\v1.0.0\implementation_guides\section_1_1_execution_playbook_v1.0.0.md,869d56e1a62f96f2e82d43c4c15d591924ca97520e32f32821bbc62cc25a8b62,verification,automation-pilot
2025-10-08T14:57:53Z,docs\enterprise_documentation\v1.0.0\metadata_schema_v1.0.0.md,da84770258a093ffe27609323af5acb9e047b8695532fc98965f4666598180aa,verification,automation-pilot
2025-10-08T14:57:53Z,docs\enterprise_documentation\v1.0.0\requirements\section_1_1_repository_footprint_requirements_v1.0.0.md,e7ce7ae9b794399f2436d91a54b33349432f0608b337852a8469f29a68271fce,verification,automation-pilot
2025-10-08T14:57:53Z,docs\enterprise_documentation\v1.0.0\risk_register\section_1_1_risk_register_v1.0.0.md,03f65a35ef5253a51ebc3567a3b7df31f452b8ac01d3a1113f1b585827f1878a,verification,automation-pilot
2025-10-08T14:57:53Z,docs\enterprise_documentation\v1.0.0\technical_specifications\section_1_1_repository_footprint_technical_spec_v1.0.0.md,1fefeb0414abf1dc5d834a6d6e02cc749fc31e293b1590cbca977fd8ab535f58,verification,automation-pilot
2025-10-08T14:57:53Z,docs\enterprise_documentation\v1.0.0\testing_protocols\section_1_1_validation_test_plan_v1.0.0.md,67b0dd46171dab89b12c0b834f88f67fb6b71974c69a329aa0d8b43ee4313edd,verification,automation-pilot
2025-10-08T14:57:53Z,docs\enterprise_documentation\v1.0.0\traceability_matrices\section_1_1_dependency_matrix_v1.0.0.md,17327669b2db55787d209601ef9185194fd043e55d721fb5683a88eab50cad48,verification,automation-pilot
2025-10-08T14:57:53Z,docs\enterprise_documentation\v1.0.0\traceability_matrices\section_1_1_traceability_matrix_v1.0.0.md,39b94c2c1d090a95765d783266b0af0f59f10553d373cfcfe788034802a37d07,verification,automation-pilot
2025-10-08T14:57:53Z,docs\enterprise_documentation\v1.0.0\validation_artifacts\section_1_1_validation_results_v1.0.0.md,d379947078852a38b07833d9155908d2eb4250381241d5f81ce34ace8a6cc0ca,verification,automation-pilot
2025-10-08T14:57:53Z,docs\enterprise_documentation\v1.0.0\version_control_histories\section_1_1_version_history_v1.0.0.md,3387a3ed15b8697805220fc764516d493c4f99d2c709a238b001982a38c2db46,verification,automation-pilot
